product_id,rating,timestamp,text,size,color
2793379,4,"Jul,07 2019 14:17:13",Received it on time. My man likes his new hoodie. It's pretty lightweight - good for Summer evenings.,XL,COLORMIX
969312,4,"Apr,17 2017 06:32:51","It's an alright hoodie. Fits well, is comfortable, and I like the look. THe hood is just a bit too small, but it's all good if you wear it fashionably",XL,BLACK
3238832,5,"Aug,20 2019 18:50:10","Good quality jumper, like it a lot. I would order a size bigger than you normally would though",XL,CADETBLUE
2861941,5,"Jan,30 2020 20:54:30","Really love that shirt,",L,COLORMIX
2861941,5,"Sep,05 2018 02:50:00",I was very surprised with the quality of this shirt with hoodie will be warm in the winter and it feels good to use it for dress or casual,L,COLORMIX
2284592,5,"Nov,15 2019 19:33:13",great graphics soft comfy.,2XL,YELLOW
2284592,5,"Jun,16 2019 23:02:30",Satisfactory Customer Service great I love it,XL,YELLOW
2284592,5,"Nov,18 2018 18:15:01",thanks,3XL,YELLOW
2284592,5,"Aug,23 2018 23:54:04",Love love love this sweater I’d recommend jus buy one size up,M,YELLOW
1650594,5,"Sep,14 2018 21:30:37","É uma peça bastante bonita, veio com um bom acabamento e recomendo",2XL,BLACK/BLUE
1650594,5,"Dec,22 2016 06:32:25",plese ship to me,2XL,BLACK/BLUE
1650594,5,"Dec,13 2016 01:41:28",fits perfect,L,LIGHT GRAY
1650594,5,"Nov,24 2016 21:31:07",this is a great product for anyone who likes the style. i absolutely love my purchase of this sweater hoodie. the colors are so bright and the fabric is warm and soft.,XL,BLACK/BLUE
1650594,5,"Nov,16 2016 03:35:43",love the color an the style of this shirt cant wait to wear it,5XL,BLACK/BLUE
8244581,5,"Dec,31 2019 01:09:10",it is a perfect fit,2XL,WHITE
3231326,5,"Dec,28 2019 08:14:04",love this it's a little snug for 2 XL but still a good buy,2XL,multicolor
2961279,5,"Jul,01 2019 02:58:17",Received it on time,L,LIGHT SKY BLUE
8192523,5,"Dec,07 2019 03:21:38",true to size and very warm... may order a few moren,3XL,DARK GRAY
8192523,5,"Nov,22 2019 17:10:52",In love with my new hoodie thank you,L,DARK GRAY
8192523,5,"Nov,14 2019 18:08:34",fits great,2XL,DARK GRAY
1567169,5,"Oct,31 2019 21:38:29",I like it nice quality thank u,L,BLACK
1567169,5,"Jun,23 2019 17:10:30",artisanal,M,DEEP GRAY
1649571,5,"Jan,23 2017 13:08:48","My boyfriend liked this as a gift for the holidays! I can wear it, too, and it's very comfortable!",L,PURPLISH BLUE
1649571,4,"Dec,21 2016 23:59:27",nice top,XL,CADETBLUE / WHITE
1649571,5,"Nov,24 2016 21:29:31","this is a great buy for any guy or girl. the fabric is so soft. i normally wear a medium, but i got a large and it fits great",XL,BLACK/GREEN
1649571,5,"Nov,16 2016 15:24:45",Very good Very good Very good,L,GREY/WHITE/BLUE
1649571,5,"Oct,27 2016 16:13:33","comodissima,calda e con bei colori...mi piace",M,LIGHT GRAY
6590811,5,"Sep,28 2019 09:33:45",Nice,2XL,BLACK
3286557,5,"Dec,23 2019 18:26:35",Cute,M,BLACK
3286557,5,"Dec,23 2019 18:19:07",Nice,XL,BLACK
3283478,5,"Jan,19 2019 01:07:38",This jacket that first caught my eyes is what led me to this great website. The service of the order was absolutely outstanding and I plan to continue purchasing things from the app,L,LIGHT GRAY
3283478,5,"Dec,15 2018 02:07:05",Best sweater I have recieved. I like that it has thumb holes at the sleeve ends for a secure fit. It works well for my job dealing with animals plus keeps me warm for winter.,XL,BLACK
3283478,5,"Nov,18 2018 18:14:27",thanks,XL,BLACK
3283478,5,"May,04 2019 17:05:16",Thank you dresslily i receive my product and i love it,M,RED WINE
3283478,4,"Nov,08 2018 01:20:30",Nice!,L,BLACK
3283478,5,"Apr,30 2019 02:19:23",Great Hoodie. Lovely red and black colour. True to size. Would highly recommend.,M,RED WINE
3283478,5,"Mar,18 2019 16:23:59","This is an amazing hoodie, great look, great quality, great price.",L,LIGHT GRAY
3283478,5,"Feb,27 2019 22:19:05","me encanta súper cómoda, excelente calidad de la tela",L,LIGHT GRAY
3283478,5,"Feb,24 2019 15:26:09","Received it on time, nice and with incredible style. Fantastic !",XL,BLACK
3283478,5,"Jan,31 2019 16:40:50",Great hoodie...With a fashion design...,XL,CADETBLUE
8225480,5,"Nov,25 2019 07:06:48","Took a while to come, but looks exactly like pictures, nice material, fits well, bought as a gift, my friend loves it!",2XL,BLACK
3299821,5,"Jan,20 2020 18:29:30",great fit looks really nice in person. the size chart works fantastic for this item,L,BLACK
5427069,5,"Sep,09 2019 08:45:11","I can’t wait for the Christmas season to show off this hoodie! Nice polyester fabric, vibrant print.",M,GREEN
6018849,5,"Dec,20 2019 08:34:57",very comfi love it. great size.,M,BLACK
2696739,5,"Jan,25 2020 14:32:26","My favorite,",L,RED
3378946,4,"Nov,15 2019 19:52:42",this item fits Grant,2XL,BLACK
2816171,5,"Nov,29 2019 00:23:50",this shirt is a nice fit. bought it for my husband. he didnt like it online but wears it frequently it looks good. well made simple shirt.,XL,GRAY/RED
2816171,5,"Nov,16 2019 11:58:43",really nice!,XL,GRAY/RED
2284649,5,"Dec,27 2019 20:10:41",Good quality Excellent quality. The sweatshirt has a hood. Everything arrived very quickly and well packed! My size is great!,M,COLORMIX
8186113,5,"Nov,19 2019 22:13:38",Love the color/design super woodsy!,XL,multicolor
7114529,5,"Dec,15 2019 17:55:41",comfortable,2XL,GRAY GOOSE
2764751,5,"Dec,22 2019 21:37:32",I thought it would be thick like a hoodie but it's still great.,XL,COLORMIX
2764751,5,"Dec,22 2019 04:22:55",bestie that i bought this for adores it and always thanks me bc he says it comfy and It just looks good on him with anything he wears shorts pants dressy or casual it's an a+,XL,COLORMIX
7886631,5,"Jan,27 2020 21:06:16",Good fit and comfortablen,L,LIGHT GRAY
2190152,5,"Dec,03 2019 17:00:28",Came in on time great fit,M,BLACK
2190152,5,"Mar,27 2018 14:14:52",great material,3XL,WHITE
7833373,5,"Sep,21 2019 01:26:13",Good quality,XL,GRAY
1889749,5,"Aug,07 2017 08:10:30","You don't actually find this model in my country (AR). Plus, excelent price and colors",XL,BLACK
1889749,5,"Feb,14 2017 22:24:47",looks absolutely stunning,M,WHITE
1889749,5,"Dec,12 2016 15:59:25","This hoodie is beautifully made, but it is made for a person of a smaller build than my family has. The fabric is very soft. The wait time wasn't even too bad. When I have had a problem they have been more than happy to help me in addressing the problem. Overall I have been quite pleased with my Dresslily experience.",XL,BLACK
3208263,5,"Nov,02 2019 20:17:00",it's a good fit and the design is awesome and badass,XL,LAVA RED
3208263,5,"Oct,02 2018 03:40:59",I paid for this sweater and it never came in the mail,L,LAVA RED
8166399,5,"Nov,25 2019 01:36:30",son wore this around Halloween time. loads of comments as to how good it looked and how well it fitted.,2XL,BLACK
5431852,5,"Jun,19 2019 01:34:14",me encanta este modelo me quedo a la medida y es perfecto me quedo muy bien en talla 2XL lo recomiendo para el que le guste y lo encontré bonito,2XL,multicolor
5475390,5,"Oct,14 2019 17:40:04",husband loves this!,L,OCEAN BLUE
3647297,5,"Jan,26 2020 08:08:01",Good looking hoodie,L,CARBON GRAY
3647297,5,"Nov,27 2019 08:37:24",Amazing,M,CARBON GRAY
3647297,5,"Jan,26 2020 08:06:31",Really warm hoodie,M,CARBON GRAY
3647297,4,"Jan,16 2020 00:58:49",Came in good shape. Comfortable,L,RED WINE
3647297,5,"Jul,30 2019 04:12:01",Nice,S,CAMEL BROWN
3647297,5,"Nov,01 2019 15:55:51",muy buenos súper cálido y llego súper rápido,XL,CARBON GRAY
3647297,5,"Oct,17 2019 20:38:37","Fits comfortably, looks exactly like the picture.",L,RED WINE
3647297,4,"Jan,16 2020 00:58:29",Came in good shape. Quality is lower than expected but it’s comfortable and looks nice.,L,CAMEL BROWN
3647297,5,"Jul,04 2019 20:06:54",Very good hoodie,XL,CARBON GRAY
3647297,5,"Oct,17 2019 08:07:56",I hope I get it.,S,CARBON GRAY
3647297,4,"Oct,05 2019 05:13:15","el color es el indicado, solo la talla es un poco grande",XS,RED WINE
3647297,5,"Dec,31 2019 17:30:50",Really comfortable and soft,M,CARBON GRAY
3647297,5,"Dec,24 2018 21:51:54",It was a good fit just had to fix the thread it wasn’t secured,L,CAMEL BROWN
3647297,5,"Aug,18 2019 19:23:39","I was a little doubtful at the beginning because of some reviews I read, but overall it’s a nice looking hoodie and the material isn’t all that bad for the price",M,LIGHT GRAY
3647297,5,"Dec,25 2019 08:26:57",size is right on. Item is just as it says.,M,CARBON GRAY
3647297,5,"Nov,10 2018 05:34:43","good quality, and the size arrive great, thank you",XL,CAMEL BROWN
8199857,5,"Dec,15 2019 17:12:08",love the camouflage!,M,CAMOUFLAGE GREEN
8248979,5,"Dec,30 2019 20:10:31",I love theeessseee they are so comfy and really warm :),L,multicolor
8202250,5,"Feb,18 2020 08:25:52",My boyfriend loved it!,L,BLACK
8202250,5,"Dec,09 2019 03:14:11",It’s amazing,L,BLACK
8202250,4,"Nov,24 2019 22:27:55",perfevtct,2XL,BLACK
8202250,5,"Oct,25 2019 04:50:18",cool,M,BLACK
6700306,5,"Dec,08 2018 13:23:00",,M,GREEN
8172698,4,"Nov,16 2019 11:56:43","this is a beautiful, warm Sweatshirt!",2XL,CADETBLUE
8200002,5,"Jan,11 2020 04:12:36",take one bigger size.,M,BLACK
8200002,5,"Dec,28 2019 22:09:08",It's lovely and my husband love it,M,BLACK
8200002,5,"Dec,11 2019 15:12:14",Looks great!,XL,GRAY
8211547,5,"Oct,25 2019 13:46:52",medieval design with nice collar,L,BLACK
8211547,5,"Oct,24 2019 15:10:53",my son loves his hoodie ordered him 2 new ones for xmas as great fabric and easy to wash and wear,M,BLACK
8211547,5,"Oct,24 2019 05:25:37",hubby is super pleased with his surprise!,2XL,BLACK
8211547,5,"Oct,15 2019 23:02:13","Looks great, great quality.",M,COFFEE
8211547,5,"Oct,15 2019 23:02:09","Looks great, great quality.",M,BLACK
8211547,5,"Nov,28 2019 06:35:56",I love it,L,BLACK
8211547,5,"Nov,22 2019 20:18:31","The quality is excellent, it came two to three weeks before Nizhny Novgorod, I am very pleased with the product.",2XL,BLACK
8211547,5,"Nov,22 2019 17:10:24",Love it thank you,L,ARMY GREEN
8211547,5,"Nov,14 2019 08:44:13",ordered for my husband. it fits and looks stylish),L,BLACK
8211547,5,"Nov,06 2019 16:38:02","it's just like I saw it in the picture, good work",M,BLACK
8211547,5,"Nov,01 2019 08:10:34",Excelent and Beautiful Jacket I love it,XL,BLACK
8211547,4,"Jan,17 2020 04:21:53",Very cool. My boyfriend loves it!,XL,BLACK
8211547,5,"Dec,24 2019 04:45:43",Fabric feels so nice,3XL,BLACK
8211547,5,"Dec,23 2019 22:41:55",Love it . It was a need for the winter here,L,BLACK
8211547,5,"Dec,18 2019 16:23:10","Large fits great for a Medium size male. Great for the cold, material is exceptional and looks just like shown on sample pictures.",L,BLACK
8211547,5,"Dec,16 2019 23:10:28",awesome,L,ARMY GREEN
8211547,5,"Nov,30 2019 19:21:15",Good quality product! My husband likes it a lot!,L,BLACK
6853460,4,"Nov,26 2019 20:21:14",Great fit.,XS,WARM WHITE
6853460,4,"Nov,26 2019 20:21:03",Great fit.,XS,DARK GRAY
4858624,5,"Nov,01 2019 01:50:07",it fits perfect,2XL,BLACK
3193136,5,"Apr,13 2019 11:15:40","Amazing product, fast stress free purchase. Super fast delivery. One very happy customer.",XL,BLACK
3379122,5,"Aug,23 2019 04:15:35",Nice,XS,BLACK
3379122,5,"Aug,23 2019 04:11:43",Nice,XS,CADETBLUE
3379115,5,"Oct,17 2019 02:40:19",Good quality perfect fit,L,WHITE
3379115,5,"Apr,10 2019 00:26:16",Love the way it fits!,M,BLACK
722683,5,"Dec,21 2015 13:39:46",brought this for Christmas,M,GRAY/WHITE/BLUE
8197096,5,"Nov,18 2019 08:50:59",my son really liked this,S,BLACK
2622407,4,"Dec,08 2018 05:03:08",Nice,2XL,COLORMIX
1835566,5,"Dec,20 2019 05:55:37",good,XL,RED
2284802,5,"Dec,27 2019 20:13:15",Good quality Excellent quality! I like the colors! New Year's sweatshirt. Very quality sweatshirt. All recommendations! My size is great!,M,COLORMIX
7783971,4,"Nov,25 2019 13:25:00","It is lightweight, which I wasn't expecting, but it is comfortable and exactly as pictured.",3XL,LAVA RED
3223342,5,"Oct,10 2019 04:37:02",J’aime bien,L,BLACK
8217910,5,"Dec,31 2019 01:09:14",it is a perfect fit,2XL,GRAY
3249944,5,"Jan,05 2020 03:21:12",Thank you very much. Beautiful sweater. Perfect size.,XL,ORANGE
3057485,5,"Jun,27 2019 20:43:27",low quality and it's tooo long i ordered xxl and received xxl but it look like 3xl,2XL,COLORMIX
2534351,5,"Jul,21 2018 16:33:09",Very nice hoodie. Print in good quality.,3XL,ORANGE
6653831,5,"Dec,23 2019 18:25:43",Nice,L,CHERRY RED
1748765,5,"Oct,02 2018 22:34:12",Good quality. I love the style. I love the material. I love the color combination. Fits perfectly.,3XL,GREEN
8160301,5,"Nov,12 2019 03:43:20",I was hesitant about the pattern and now I love it!,4XL,WHITE
3186050,5,"Oct,02 2018 22:46:51",Nice. Great look. Such a great buy. Perfect fit. Great addition to my wardrobe.,2XL,COFFEE
3186050,4,"Jul,21 2018 01:51:06","good product but the back strings are frayed and seam to be weak in spots. amazing look, kinda lught but the frayed strings bug me. giving it 4 stars because the look is still amazing and i can change the strings.... i want more unique items like this on here.",L,BLACK
1612513,5,"Jul,25 2019 00:58:53",For my daughter she loved it,XL,CADETBLUE
1612513,5,"Nov,20 2016 23:50:22",I'm really satisfied from that product.I get my order really fast and everything was as good as they described.I totally recommend it.,L,DEEP BLUE
1827066,5,"Jun,23 2019 17:09:58",had capuchon ya salam,M,BLACK
2378451,5,"Dec,29 2019 18:03:35",genial. muy contentos,M,CRYSTAL BLUE
2378451,5,"Dec,25 2019 08:23:57",Perfect but dang kinda took long than expected,L,BLACK
2378451,5,"Dec,22 2019 04:36:08",bestie that i bought this for adores it and always thanks me bc he says it comfy and It just looks good on him with anything he wears shorts pants dressy or casual it's an a+,XL,BLACK
2378451,5,"Nov,06 2019 05:56:00",very comfortable and cute!,XL,BLACK
2378451,5,"Dec,05 2018 11:51:44",Super Ware,L,LIGHT BLUE
2378451,5,"Jan,05 2018 00:44:02",Cute,XL,LIGHT BLUE
8186395,5,"Nov,30 2019 19:23:59",The product matches the picture and looks great on my husband. It also arrived on time so I'm very pleased.,L,BLACK
2995694,5,"Dec,15 2019 17:54:15",very nice,2XL,LIGHT GRAY
3223242,5,"Oct,17 2019 19:02:43",It’s great my dad loves it,XL,GRAY
3223242,5,"Dec,08 2018 11:40:20",Cute,M,BLACK
3234961,5,"Dec,23 2019 18:27:03",Nice,M,DAY SKY BLUE
3234961,5,"Dec,01 2019 06:08:27",I had way more people compliment me on this pull over sweat shirt . Several even wanted to know were I got it so they could buy one.,2XL,DAY SKY BLUE
3234961,5,"Sep,05 2019 22:16:19","Good quality and excellent graphics!! True to size, and excellent packaging!! Love it a lot, exactly as pictured!! Fast delivery, and excellent packaging.!!",2XL,DAY SKY BLUE
2683384,5,"Dec,01 2019 03:41:24","Item case exactly as described, sized up according to their chart and other reviews, good fit, great buy :)",XL,BLUE
2683384,5,"Nov,13 2019 14:49:30",the material is quite soft and nice. It will be an excellent hoodie to have for the summer,XL,BLUE
2683384,5,"Jul,22 2019 22:01:38","Ich der Schweiz trage ich L, bestellt habe ich XL, damit es passt. Bei den T-Shirts ist XL aber zu klein!",XL,BLUE
2683384,4,"May,04 2019 01:28:43","Received it on time. The fabric feels more satin than expected, but it seems warm.",L,BLUE
2683384,5,"Nov,09 2018 16:20:30",Good quality,2XL,RED
2683384,5,"Sep,24 2018 16:29:33",Good quality,2XL,BLUE
8212440,5,"Dec,09 2019 07:04:44","Great sweater, got what I ordered. It’s cute and will be perfect for a family photo. I ordered a size up and it fits good and will be warm.",XL,multicolor
5293644,5,"Jul,04 2019 02:52:31",Nice,M,multicolor
6700362,5,"Jan,15 2020 10:32:54","Amazing. Lightweight, festive enough to make my mom laugh on Christmas Eve, and comfortable.",2XL,GREEN
3218662,5,"Nov,25 2019 01:40:07",birthday present for mad dog lady who loves it even though it's s man's.,XL,RED
3249703,4,"Nov,29 2019 00:25:27",i bought this shirt for my husband but it doesnt fit him. i think its hideous but its so soft and warm I wear it as a pajama sweatshirt and I love it!!,2XL,WHITE
3373794,5,"Dec,11 2019 06:43:00",love it. cant wait to see my boyfriend in it,M,multicolor
3177632,5,"Jul,01 2019 03:02:22",Good quality,L,BLACK
8210689,5,"Nov,12 2019 16:00:26","My man hasn't took this off since he got it. Looks amazing on him. Go up a size or two just in case, but it's a bad A looking piece of clothing. If you're into this style.",2XL,BLACK
8210689,5,"Nov,09 2019 05:57:41",it fits me perfectly <3 I love it,L,BLACK
8210689,5,"Nov,06 2019 05:31:38",Little bit longer then it said but it fits very nice and is very comfortable I would defiantly recommend this to someone who likes long soft comfortable clothing,S,MIDNIGHT BLUE
8210689,4,"Nov,02 2019 02:09:30",This is a great looking hoodie,3XL,MIDNIGHT BLUE
8210689,5,"Nov,01 2019 17:41:34","very good quality, nice light material so I can wear it for long periods of time without overheating, overall excellent",3XL,BLACK
8210689,4,"Oct,23 2019 15:38:04","I stand just over 6 feet tall with a lean build and this fits perfect, sleeves could be just a tad longer but with arms at my side they fall just before the knuckle of my thumb, with the bottom falling just above my ankles. Comfortable and snug. If intending to wear on a cold night, would recommend thermals underneath.",S,BLACK
8210689,5,"Dec,21 2019 06:22:13",husband loves it,3XL,MIDNIGHT BLUE
8210689,5,"Dec,10 2019 04:56:14",Absølutely Løøks Gørgeøus It Fits Perfect & Feels Amazing I Will Put A Picture Up Søøn nnThank Yøu www.dresslily.com,M,BLACK
8210689,5,"Dec,05 2019 21:29:37",This hoodie is awesome and it was the right size for American person. I love how it feels plus the delivery time was so fast I love it. Thanks Dresslily.,3XL,MIDNIGHT BLUE
8210689,5,"Dec,03 2019 03:37:10",bada*s works well under my red jacket,XL,BLACK
8210689,5,"Nov,26 2019 03:48:52","Fits perfect, very comfortable, and looks frickin sweet. Highly recommend this to anyone who is into the style.",M,CARBON GRAY
8210689,5,"Nov,13 2019 21:19:51",Juste perfect! Nice packaging and which is arrived quickly!nI advise this web store and this Gothic hoodie!,L,MIDNIGHT BLUE
3253004,5,"Jan,05 2020 03:20:11",Awesome hoodie. Thank you very much.,M,ASH GRAY
3253004,5,"Oct,14 2019 01:09:10",Looks great,XL,WHITE
3253004,5,"Feb,18 2019 05:24:00",I haven’t had a chance to wear this but once but everyone loves it. I really love the color.,3XL,RED WINE
3253004,5,"Oct,28 2018 20:09:22",I love this jacket it's very trim fits like a glove,L,WHITE
3253004,5,"Oct,25 2018 12:10:43",Nice,M,WHITE
7709402,5,"Dec,14 2019 11:43:14","I'm a women so even the XS is kinda large lol, but I still love it and it suit me. It's like the photo, the colors are vivids, and it keep me warm, i'm satisfied.",XS,multicolor
8239586,5,"Dec,28 2019 13:18:38",Sieht sehr gut aus kann ich empfehlen sollte dieses Motiv auch in Baumwolle geben würde ich es mir erneut bestellen,L,RED
4757543,5,"Jan,12 2020 12:16:40",One of my favorite hoodies. Very warm also,S,ARMY GREEN
4757543,5,"Dec,20 2019 10:18:39",Arrived on time liked the fit,2XL,DARK GRAY
4757543,5,"Dec,09 2019 04:53:43",Love the hoodie,M,CADETBLUE
4757543,5,"Sep,16 2018 10:24:24","so GOOG，lots of compliments and friends and people ask where I get it and referral to this website,",M,DARK GRAY
4757543,5,"Nov,30 2019 23:34:54",Perfekt,2XL,ARMY GREEN
4757543,5,"Nov,30 2019 23:34:49",Perfekt,2XL,BLACK
4757543,5,"Sep,15 2018 10:22:11",Very happy with this stylish hoodise. Also great customer service Satisfaction!,M,DARK GRAY
4757543,5,"Sep,12 2018 10:08:55","It was very good, my girl buy it for me，i love it！",M,DARK GRAY
4757543,5,"Nov,24 2019 15:13:17",I ordered this with the faux back pocket jogger pants with the idea of having an army green outfit. It came in the mail and I was happy to get it. Although the shades of green are off I can still make it work.,M,ARMY GREEN
4757543,5,"Dec,10 2018 22:10:45","OMG!!! Awesome, quality is spot on, so very soft and warm! Absolutely love the pleats on the shoulders, they really stand out and are tre’ stylish. People this company rocks, I have never had a single issue, delivery are timely, mine average eight days from time of purchase and I live is the south USA. Attached picture is of the hoodie with my new shades and beanie , also part of this order",L,BLACK
4757543,4,"Nov,30 2018 16:47:07","Good quality. Looks exactly like the one in the pictures, it's warm and comfortable.",M,RED WINE
4757543,5,"Nov,27 2018 02:58:54",good material and matching real size. Like photo and same fit. Would recommend it.,M,KHAKI
4757543,5,"Nov,19 2018 09:18:43",The relation quality/price is very good and shipment fast. I'm very satisfied with the purchase.,S,DARK GRAY
4757543,5,"Nov,16 2018 10:33:46","He said fits, comfy, warm.",2XL,ARMY GREEN
4757543,5,"Sep,19 2018 06:48:58","Its a light, soft, and very comfortable hoodie",,
4757543,5,"Dec,24 2018 15:11:33",Good fit,M,ARMY GREEN
4757543,5,"Feb,11 2019 03:36:47",It's really comfortable. Very Nice nice product.,M,KHAKI
4757543,5,"Dec,21 2018 14:35:54",Good quality,2XL,RED WINE
4757543,5,"Feb,07 2019 01:21:49","Good quality, I had to exchange this for a larger size, it great and feels good. love it.",2XL,ARMY GREEN
4757543,5,"Jan,31 2019 00:20:51",Good quality,L,ARMY GREEN
4757543,5,"Dec,19 2018 16:33:10",Nice,XL,BLACK
4757543,5,"Dec,19 2018 16:32:36",It came separate from my other orders but it showed up a few days later. Customer service was very helpful.,XL,ARMY GREEN
4757543,5,"Mar,06 2019 09:24:18",The texture of the fabric is amazing and the fit elaborates my muscle definition. Thumbs up!,S,LIGHT GRAY
4757543,4,"Jan,16 2019 11:16:02","It is a nice, warm hoodie and am loving it. The entire hoodie is perfect if you are on the long side. I ordered the beige colored of size M. The color is as depicted on the original photo. The size is bigger than expected especially with the shoulders as you can see on my photo's. My length is 1.80 meter andt it drapes a bit over the hands and legs. I placed my hand on my waist to give an indication. If you are not that wide I suggest on getting a size smaller. Which I will be doing as well. This one I will be using as a chill outfit.",M,BEIGE
4757543,5,"Dec,15 2018 21:58:47",Love the product and the process. Will order from them again!,2XL,RED WINE
4757543,5,"Dec,13 2018 01:20:31","Satisfactory Customer Service and Received it a day later! However, the product is really good, keeps me worm, it is heavy duty. It is excatly what I saw on the picture! Thanks!",M,KHAKI
4757543,5,"Mar,05 2019 01:09:02",Much tighter than expected And I got the 2XL,2XL,BEIGE
4757543,5,"Feb,25 2019 22:59:43","Perfect. Just like everything else I order from this site!! Always happy, that’s why I continue to order from here. Just wish I could get what I order a little quicker, but other than that I never have any complaints, at all!!",L,BLACK
4757543,5,"Jan,15 2019 18:35:26",Material is very good,S,KHAKI
4757543,5,"Dec,28 2018 16:36:42",The pullover is a bit longer and ideal for larger people. It wears very well and you can wash it without any problems I was so to fireden I bought 2 more,M,RED WINE
7471462,5,"Oct,18 2019 02:19:39",great! one of my favorites on my hubby. looks nice and fits great and shows cat daddy pride,L,LIGHT BROWN
4757543,5,"Apr,29 2019 03:15:36",my husband loves his.,2XL,ARMY GREEN
4757543,5,"Feb,25 2019 11:49:18",Good quality so nice hoodie!,M,KHAKI
4757543,5,"Apr,13 2019 11:16:09","Amazing product, fast stress free purchase. Super fast delivery. One very happy customer.",XL,ARMY GREEN
4757543,5,"Apr,10 2019 00:25:59",Love the way it fits!!,M,LIGHT GRAY
4757543,5,"Jul,30 2019 04:14:25",Received it on time,S,RED WINE
4757543,5,"Feb,15 2019 11:00:48",Хорошее качество,S,LIGHT GRAY
4757543,5,"Feb,11 2019 17:16:19","Delivery: Was a bit anxious when I read multiple bad reviews regarding dresslily's reliability on trustpilot. Over half of the reviews were negative. Got even more nervous when the track 'n trace site could not find any other information but the hoodie leaving the warehouse. No information, multiple consecutive days in a row. Something about an ""unknown track"". But it got here, 10 days after the order was confirmed. That's even faster than expected. Also, because I did not spend more than €22 (I got this hoodie for €10 - €11, and €2 - €3 shipping), no extra fees applied (importing stuff from outside of Europe will cost more; €22 is the limit, I think?). Quality: It's 5% cotton and 95% polyester. So even though the material is not that thick, it still keeps me warm. Wouldn't recommend working out in this hoodie, though; it doesn't really ""breathe"". It was not damaged, either during fabrication or transport. I'm 193cm, or well over 6'3, and I got an S, which fits perfectly. So the measuring tables were accurate. Wouldn't know what giant would need XL then, but ok. I'm very, very pleased. It is a great hoodie. Really glad I ordered it, since they seem to be out of stock at the time of writing this review.",S,DARK GRAY
4757543,5,"Sep,27 2019 13:06:18",Sieht aus wie auf dem Foto! Geiler Stoff !!,S,ARMY GREEN
4757543,5,"Mar,27 2019 12:42:07",Sweet!!,M,ARMY GREEN
4757543,5,"Mar,27 2019 12:41:52",Love it,M,BLACK
4757543,5,"Mar,27 2019 12:41:25",Love it!!!,M,RED WINE
4757543,5,"Jul,30 2019 04:09:40",Cute,S,ARMY GREEN
4757543,5,"Jul,25 2019 00:58:29",Fits great sizing chart was pretty accurate came within a week didn’t have to wait long and was reasonably inexpensive,2XL,DARK GRAY
4757543,5,"Jun,22 2019 18:32:27","The color is great, it's thinner that you think, but it is still very warm, all around a good purchase",M,ARMY GREEN
4757543,5,"Sep,20 2019 16:44:57",so warm and stylish,S,RED WINE
4757543,5,"Nov,10 2019 15:13:02",The best hoodie I’ve ever owned.,M,LIGHT GRAY
4757543,5,"May,11 2019 14:27:41",Was hesitant in ordering from a new site but everything went great. Material is soft and the look is really nice. Got a large and I’m about 6’0 medium build. I’ll be ordering again.,L,DARK GRAY
4757543,5,"Apr,30 2019 01:26:04",I ordered one for my husband . He is so satisfied with the product now buying more 2 of it .,2XL,DARK GRAY
4757543,5,"Sep,07 2019 00:20:17",My husband loved it! Good material.,L,CADETBLUE
4757543,5,"Aug,29 2019 14:22:18",I really love it,L,ARMY GREEN
4757543,5,"Aug,09 2019 06:49:54",Thank you,S,ARMY GREEN
4757543,5,"Jul,30 2019 16:38:05",I bought this for my boyfriend he loves it,M,CADETBLUE
4757543,5,"Nov,09 2019 04:38:03","Love the way this hoodie fits. It's built pretty well and has been complimented on several occasions, so much so, that I am going to be buying one in another color. Thanks!",XL,DARK GRAY
4757543,5,"Nov,08 2019 23:04:53","Very warm, bf really liked it. It's also very soft and fits well.",M,RED WINE
4757543,5,"Oct,22 2019 16:39:19",really nice material,L,ARMY GREEN
4757543,5,"Oct,16 2019 08:57:09",it's a cool topn,M,KHAKI
4757543,5,"Oct,15 2019 22:59:29","great quality, just what I expected",2XL,KHAKI
6579813,5,"Jan,01 2019 22:13:21","I was happy to get the item on time and there sizes are perfect when you use there information checklist you can't go wrong, that's always been a worrying issue for me when buying sized items online but no problems with Dreslily there measurements are 100% perfect to ratio, Thanks heaps guys.",3XL,COBALT BLUE
6579813,5,"Dec,15 2018 02:17:07",mine came in 1st & this is for my hubby. i love it. Quality is perfect.,3XL,BLACK
6579813,5,"Dec,11 2018 13:33:29",Received it on time really happy I'll be buying from them again,M,multicolor
6579813,5,"Nov,06 2018 12:31:55",I am happy I have this for Christmas parties to come.This hoodie was a total hit at every Christmas party I wore it to! I cannot tell you how many times I was asked where I got it from :-) I am happy I have this for Christmas parties to come!,,
6579813,5,"Nov,02 2018 12:30:27",Nice product. Thank you,,
6579813,5,"Nov,05 2018 12:25:03","I bought one for my husband, it's very fit for him and so christmas! We are really really love it!",,
6579813,5,"Nov,04 2018 12:28:50","You know what is hard about reviewing this sweater. I am really need a holiday-type clothes for christmas. Is the pattern busy? Yes. It is Christmas colored? Yes. It is a nice, soft hoodie that will probably be worn for a while after the holiday season. It washes well and still looks nice.",,
6579813,5,"Dec,06 2019 01:14:18",Perfect fit!,XL,BLACK
6579813,5,"Nov,19 2019 01:29:52",Looks as pictured and fits as expected,XL,COBALT BLUE
6579813,5,"Nov,19 2019 01:28:47",Fits great and looks just like picture,2XL,multicolor
6579813,5,"Aug,20 2019 13:46:50",This hoodie was the talk of the office during the 2018 holiday season. Can’t wait to order another style for 2019.,M,SHAMROCK GREEN
6579813,5,"Jun,03 2019 11:51:06",Absolutely love it. Highly recommend.,L,multicolor
6579813,5,"Jan,22 2019 08:52:19",Satisfactory Customer Service,L,BLACK
8148819,5,"Sep,24 2019 22:59:23",Feels amazing,XS,BLACK
8183235,5,"Nov,19 2019 23:00:47","Love the big musical notes. Fabric is soft and comfortable, doesn't wrinkle easily Fabric has a shiny, smooth, polyester feel, Not a fleece or cotton hoodie. Ordered a few sizes to large, but I love the loose fit.",3XL,WHITE
3137763,5,"Dec,15 2019 17:55:19",lovely,2XL,BLACK
7704358,5,"Oct,25 2019 13:46:01",really like the asymmetrical design,L,DARK GRAY
8214049,5,"Dec,26 2019 23:55:37",A perfect gift for a friend*,M,CRYSTAL BLUE
1707147,5,"Apr,07 2018 19:08:35",Got this for my husband and for perfect. Make sure you get it at least one or two size bigger than your actual size for it to fit.,XL,ARMY GREEN
1707147,5,"Jan,23 2018 20:08:49",Love this sweater. Fit perfect.,M,ARMY GREEN
8161868,5,"Feb,16 2020 16:54:51",loved it!,M,MEDIUM TURQUOISE
8161868,5,"Feb,04 2020 13:46:11",My son loves this,M,MEDIUM TURQUOISE
8161868,5,"Dec,27 2019 06:37:23",check size chartnn,M,COLORMIX
8161868,4,"Dec,21 2019 06:21:58",very vibrant,3XL,COLORMIX
8161868,5,"Dec,11 2019 19:51:30",great sweatshirt!!,XL,RED
8161868,5,"Dec,11 2019 15:26:45",I love them.. great material. just what I expected.n,2XL,ORANGE
8161868,5,"Dec,08 2019 12:04:39",great gift. true to size.,4XL,RED
8161868,5,"Dec,08 2019 00:10:38",My sons favourite jumper I’ve washed it lots and it hasn’t faded,M,GREEN
8161868,5,"Nov,19 2019 22:46:12",fits well,4XL,ORANGE
8161868,5,"Nov,15 2019 04:49:14",love it,4XL,COLORMIX
8161868,5,"Nov,13 2019 13:06:04","amazing color, the guy I bought it for loves it",L,RED
8161868,5,"Dec,25 2018 22:01:15","Не то, что я ожидал, в описании хлопок и полиэстер, на самом деле из хлопка там только шнурок на капюшоне- голая синтетика. По рзамеру 3XL на 50 размер, рукава короткие, общем разочарование полное :(",3XL,COLORMIX
8160042,5,"Sep,29 2019 08:35:05",I love it! It fits perfict and the design is amazing. defiantly worth the money,XL,RED
8160042,5,"Sep,28 2019 14:01:02","I used the measure chart and the size was perfect for me. The material is spantex and polyester. It's looks like the picture. The picture on this hoodie is good. The delivery arrived in 10 days, I'm from Germany.",XL,RED
8160042,4,"Sep,21 2019 00:58:24",The item arrived on time and the package was in a good state. The design of the hoodie is awesome however the material could have been better.,M,WHITE
8160042,5,"Oct,21 2019 07:24:58","great! feels very comfortable. had to order 2xl to fit length, I'm tall and skinny. I'd order a size larger than normal",2XL,multicolor A
8160042,5,"Oct,16 2019 00:57:24",clean ass hoodien,2XL,multicolor A
8160042,5,"Oct,15 2019 20:41:08",This hoodie looks amazing in real life. The perfect gift for a teenager,L,WHITE
8160042,5,"Oct,09 2019 04:26:22","Comfortable, keeps me warm, and it's the right size.",L,RED
8160042,5,"Oct,04 2019 20:14:02",fucking amazballs fits perfect soooo soft absolutly in love,M,WHITE
8160042,5,"Sep,29 2019 15:22:54",such a comfy pullover!,L,RED
8160042,5,"Nov,05 2019 19:02:56",Nice quality,L,WHITE
8160042,5,"Oct,31 2019 15:19:24","er ist schön, aber du denkst es kommt ein ho odie mit",XL,TEA GREEN
8160042,5,"Oct,30 2019 22:50:27",It’s a little long on me but it does it’s job. Wish it would have been a little bit thicker,S,multicolor A
8160042,5,"Oct,25 2019 04:44:15",cool,M,RED
8160042,5,"Nov,23 2019 00:31:32","My friend was happy and he likes the hoodie very much. The material is pleasant and quite warm, although the fabric is quite thin. Product matches the picture and the colors are nice.",L,RED
8160042,5,"Oct,24 2019 19:45:04","i was a bit surprised about the material, but application is even better in person. we will see how it holds up after couple of washing. so far, so goodn",L,WHITE
8160042,5,"Oct,21 2019 16:48:43",Feels smooth and looks cool. Very pretty image and nice colour utilisation.,S,YELLOW
8160042,5,"Nov,08 2019 04:15:35","awesome top, awesome material! brought it for my best friend, it came so fast and hes going to love it",L,TEA GREEN
8160042,5,"Nov,07 2019 19:01:46",My son loves it. I wanted it to be extra roomy for him so I ordered it 2 sizes bigger. It was a good thing I did. Good quality fabric and Great workmanship.,L,TEA GREEN
8160042,5,"Jan,15 2020 15:11:22",So nice .. thanks ❤️❤️,M,WHITE
8160042,5,"Nov,06 2019 20:22:59","Received it on time, extremely fast actually. Item fabric is kind of thin but just have to later underneath. Ran a little smaller for me. I'm a taller guy and ordered a large and probably should have got an XL. Love the material and the design though. Will probably make this my daily hoodie.",L,RED
8160042,5,"Nov,06 2019 19:17:19","The hoodie looks as good in person as it does in the picture on the website!! I ordered a size medium, and it fits really well!! Got one for me and my boyfriend, we both love it!!",M,TEA GREEN
8160042,5,"Jan,15 2020 09:45:01",I love it. worn it almost every day since I got it,L,RED
8160042,5,"Dec,29 2019 18:02:28",muy bonita la sudadera,L,multicolor A
8160042,5,"Dec,12 2019 22:45:14","got this for my boyfriend, he loves it,the colours are vibrant and the fabric is comfortable, he doesn't take it off, definitely a perfect birthday present :)",L,RED
8160042,5,"Nov,25 2019 03:53:46",super warm,M,WHITE
8160042,4,"Nov,06 2019 02:37:53",Really nice hoodie,M,RED
8161360,5,"Dec,01 2019 04:06:07","Image quality was good, material was nice, fit well, excellent value",XL,multicolor A
8160042,5,"Nov,25 2019 01:48:54",freind brought this through me he loves the texture and bold design. he has had a few comments on its unusual design.,L,WHITE
3561115,5,"Dec,11 2019 06:42:42",so pretty. and good quality,M,BLACK
3561115,5,"Feb,05 2019 02:50:22","I love the pattern on this sweatshirt. A little thinner material than I expected, but size was true and I love it.",L,WHITE
3026450,5,"Jul,17 2019 17:34:02",Nice and Good delivery service 20 days south of Morocco arrived and good quality and suitable price thank you,M,BLACK
3026450,5,"Jul,16 2019 18:22:01",Nice,M,BLACK
3026450,5,"Jun,30 2019 19:21:48",Pretty,M,BLACK
1726229,5,"Aug,15 2019 11:23:52",good pruduct,M,GRAY
5463223,5,"Dec,21 2019 10:34:36",So festive,2XL,multicolor
5463223,5,"Dec,21 2019 10:33:52",Loved it,2XL,DARK FOREST GREEN
5463223,5,"Jul,22 2019 22:02:31","In der Schweiz trage ich L, bestellt habe ich XL, damit es passt. Bei den T-Shirts ist XL aber auch zu klein!",XL,NAVY BLUE
5463223,5,"Jul,22 2019 22:00:15","In der Schweiz trage ich Grösse L. Bestellt habe ich XL, damit es passt.",XL,multicolor
5463223,5,"Jul,21 2018 16:15:11",Cute Hoodie. Right to wearing on christmas morning and opening presents. Print and quality is very good.,3XL,multicolor
3474243,5,"Nov,02 2019 20:17:41",I ordered and xl and got a large it fits but it's more fitted than I'd like.,L,multicolor
5463223,5,"Nov,17 2017 03:34:42",love,XL,multicolor
8230476,5,"Dec,21 2019 03:11:15",fits perfectly,M,BLACK
6487948,5,"Dec,18 2018 01:07:59",The white color is more of a cream looks a little cheesy but will do,M,RED
4577473,5,"Dec,24 2019 04:39:16",nice and comfy,2XL,multicolor
3252688,5,"Dec,16 2019 16:46:39",really very nice,XS,CADETBLUE
8201096,5,"Jan,25 2020 07:43:26",Very stylish!,M,BLACK
8201096,5,"Jan,25 2020 07:42:02",Very unique. Fits well,M,BROWN BEAR
8237005,5,"Dec,23 2019 02:36:20",my son will love very mid evil urban,L,BLACK
8237005,5,"Nov,22 2019 00:34:45","I absolutely love it. Its a well balanced jacket and just what i was looking for. Its light enough to be worn in warmer weather , with an inner material that provides enough weight and warmth for colder weather.",,
8237005,5,"Nov,21 2019 10:32:07",This is actually a WELL MADE hoodie cape/jacket. I highly recommend! Material is perfect for colder temps.,,
8237005,5,"Nov,20 2019 18:45:21",Omg man this is the best oversized hoodie and gothic style cardigan you will ever find its long and it look so cool...,,
8237005,5,"Feb,05 2020 14:35:08",With a height of 185 and an average build... Perfect!,2XL,BLACK
8237005,5,"Jan,25 2020 07:44:17",Love this hoodie in this color!,S,BLACK
8237005,5,"Jan,25 2020 07:43:46",Very warm,S,LIGHT BROWN
8237005,5,"Jan,23 2020 20:33:22","Size fits good, quality was fine, glad to wear!",M,DARK GRAY
8237005,5,"Jan,17 2020 18:27:13","It fits perfectly, feels great and, it's warm. I keep getting asked where I got it and I keep sending them here.",L,BLACK
8237005,5,"Jan,12 2020 12:15:37",Very nice and it looks and fits exactly as it should,M,ARMY GREEN
8237005,5,"Jan,10 2020 21:28:53",It’s really nice and formed fitting,M,DARK GRAY
8237005,5,"Jan,08 2020 21:20:05","The Hoodie is awesome! It was also true to size, color and material . My boyfriend loves it and put it on right away! Thank you!",L,RED WINE
8237005,5,"Jan,08 2020 05:57:56",Super soft inside and fits well with adjustable sizing on the sides. Excellent to see how it holds up,2XL,BLACK
8237005,5,"Jan,07 2020 16:07:46",Very happy with the product,M,DARK GRAY
8237005,5,"Dec,31 2019 14:35:09",Awesome.,L,BLACK
8237005,5,"Dec,26 2019 22:54:12",amezing,M,BLACK
3218608,5,"Apr,16 2019 17:12:30","I've been looking all over for anything with this cute little smirking kitty. I never dreamed that I would find a HOODIE! (Dresslily you never let me down!) I love it! It's so adorable that I want to put it on and never take it off again. It was well packaged, very protected for it's long journey to the USA. It got here really super fast. I'll take some pictures to add later, if I'm able to edit my review later. So glad I ordered this!!!",2XL,GREEN
